incident_id,tanggal,jam_kerja_total,jumlah_insiden,kategori_insiden,tingkat_keparahan,lokasi,shift,karyawan_terlibat,status_penanganan,keterangan
1,2024-08-16,3434,3,Ringan,Medium,Area 0,Malam,0,Selesai,-
2,2023-12-20,2010,2,Berat,Low,Area 1,Siang,1,Selesai,-
3,2024-12-14,2366,2,Berat,Low,Area 2,Malam,0,Selesai,-
4,2024-09-17,1171,4,Sedang,Medium,Area 3,Siang,1,Selesai,-
5,2024-09-01,4311,1,Sedang,High,Area 4,Siang,2,Proses,-
6,2024-07-22,1328,4,Berat,Low,Area 5,Siang,2,Selesai,-
7,2024-08-10,4176,1,Sedang,Medium,Area 6,Pagi,2,Proses,-
8,2024-03-24,4846,4,Ringan,High,Area 7,Malam,1,Selesai,-
9,2024-04-06,2499,4,Ringan,Medium,Area 8,Pagi,0,Proses,-
10,2024-07-13,1881,3,Ringan,Medium,Area 9,Pagi,2,Proses,-
11,2024-10-15,3486,2,Sedang,Medium,Area 10,Malam,2,Selesai,-
12,2023-10-27,3500,0,Berat,High,Area 11,Malam,1,Proses,-
13,2023-03-25,2018,0,Berat,High,Area 12,Malam,0,Selesai,-
14,2023-07-24,4245,3,Ringan,Medium,Area 13,Pagi,0,Selesai,-
15,2024-02-02,4803,1,Ringan,Low,Area 14,Pagi,1,Proses,-
16,2023-10-16,4754,3,Sedang,High,Area 15,Pagi,1,Selesai,-
17,2024-05-10,3700,4,Berat,Low,Area 16,Siang,2,Proses,-
18,2024-11-01,3171,3,Sedang,Medium,Area 17,Malam,2,Selesai,-
19,2023-07-05,2643,2,Berat,High,Area 18,Malam,2,Selesai,-
20,2024-04-15,4097,0,Ringan,Medium,Area 19,Malam,1,Proses,-
21,2023-04-01,3344,2,Ringan,Low,Area 20,Siang,2,Proses,-
22,2023-03-18,2202,3,Berat,High,Area 21,Pagi,1,Selesai,-
23,2023-06-01,2681,3,Ringan,High,Area 22,Pagi,2,Proses,-
24,2024-08-10,1399,0,Ringan,High,Area 23,Malam,1,Selesai,-
25,2023-12-31,2602,0,Ringan,High,Area 24,Siang,1,Proses,-
26,2024-12-26,4899,3,Berat,Low,Area 25,Pagi,2,Selesai,-
27,2024-10-13,2580,2,Berat,Low,Area 26,Malam,1,Proses,-
28,2023-04-12,3935,3,Ringan,Medium,Area 27,Malam,1,Proses,-
29,2023-11-02,1552,4,Ringan,Medium,Area 28,Malam,2,Proses,-
30,2024-01-28,2357,3,Ringan,Low,Area 29,Siang,2,Proses,-
31,2024-04-07,2033,1,Sedang,Medium,Area 30,Malam,0,Proses,-
32,2023-06-15,2240,2,Ringan,Medium,Area 31,Malam,2,Proses,-
33,2024-12-03,1952,1,Sedang,High,Area 32,Siang,1,Proses,-
34,2024-12-27,4083,4,Sedang,Low,Area 33,Siang,2,Proses,-
35,2023-10-08,2151,1,Sedang,Medium,Area 34,Malam,0,Proses,-
36,2024-07-23,1226,4,Sedang,High,Area 35,Malam,1,Selesai,-
37,2024-05-04,1158,4,Berat,Medium,Area 36,Siang,0,Selesai,-
38,2024-05-25,4452,1,Ringan,Medium,Area 37,Malam,2,Selesai,-
39,2024-06-07,2911,2,Berat,High,Area 38,Siang,0,Proses,-
40,2023-07-11,2976,1,Ringan,Low,Area 39,Siang,0,Selesai,-
41,2023-07-23,3530,3,Sedang,Low,Area 40,Pagi,0,Proses,-
42,2024-12-05,4579,3,Ringan,Low,Area 41,Siang,0,Selesai,-
43,2024-09-03,1998,0,Sedang,Medium,Area 42,Malam,1,Selesai,-
44,2024-01-27,3501,1,Sedang,Medium,Area 43,Malam,1,Proses,-
45,2023-07-25,1772,1,Ringan,High,Area 44,Malam,0,Proses,-
46,2024-10-31,1981,1,Sedang,Medium,Area 45,Malam,0,Proses,-
47,2023-09-18,3192,2,Berat,High,Area 46,Malam,1,Proses,-
48,2024-08-30,4267,3,Berat,Low,Area 47,Pagi,1,Selesai,-
49,2024-01-03,4274,4,Sedang,High,Area 48,Pagi,1,Proses,-
50,2024-12-16,2841,4,Berat,Medium,Area 49,Siang,0,Selesai,-
51,2023-05-12,3480,3,Berat,Medium,Area 0,Malam,1,Selesai,-
52,2024-05-08,3979,1,Sedang,Low,Area 1,Malam,0,Proses,-
53,2023-08-07,4012,0,Berat,Low,Area 2,Siang,1,Selesai,-
54,2024-01-01,3448,3,Ringan,Medium,Area 3,Siang,1,Selesai,-
55,2024-05-10,1970,0,Sedang,High,Area 4,Malam,1,Proses,-
56,2023-10-30,3749,3,Sedang,High,Area 5,Pagi,0,Proses,-
57,2023-10-13,2632,3,Ringan,High,Area 6,Malam,1,Proses,-
58,2024-08-07,2667,3,Sedang,Medium,Area 7,Siang,1,Proses,-
59,2023-01-14,2916,2,Ringan,High,Area 8,Malam,0,Proses,-
60,2023-11-08,2805,3,Berat,High,Area 9,Malam,2,Selesai,-
61,2024-03-16,4991,2,Ringan,Medium,Area 10,Siang,2,Selesai,-
62,2024-05-04,2655,0,Ringan,Medium,Area 11,Malam,0,Selesai,-
63,2024-08-05,4293,4,Ringan,Low,Area 12,Malam,1,Selesai,-
64,2024-10-08,4991,1,Ringan,Medium,Area 13,Malam,1,Selesai,-
65,2023-03-23,3829,0,Ringan,Medium,Area 14,Pagi,2,Proses,-
66,2023-12-04,3718,1,Berat,High,Area 15,Pagi,1,Selesai,-
67,2024-04-29,2307,4,Ringan,Low,Area 16,Malam,1,Proses,-
68,2023-02-02,3945,2,Ringan,Medium,Area 17,Pagi,1,Proses,-
69,2023-10-26,2932,2,Sedang,High,Area 18,Malam,0,Proses,-
70,2023-07-17,1480,1,Sedang,High,Area 19,Malam,0,Selesai,-
71,2024-12-05,1649,1,Ringan,Low,Area 20,Malam,1,Proses,-
72,2024-01-25,1979,4,Sedang,Medium,Area 21,Siang,2,Selesai,-
73,2024-05-10,1296,1,Berat,High,Area 22,Pagi,2,Selesai,-
74,2023-03-10,2545,0,Ringan,High,Area 23,Pagi,1,Selesai,-
75,2024-01-26,1184,0,Ringan,Medium,Area 24,Siang,2,Proses,-
76,2023-03-30,3598,0,Berat,Low,Area 25,Pagi,2,Selesai,-
77,2024-05-08,1238,3,Ringan,Low,Area 26,Siang,2,Selesai,-
78,2023-10-25,3181,2,Sedang,Medium,Area 27,Pagi,1,Selesai,-
79,2023-09-18,3426,0,Berat,Medium,Area 28,Pagi,1,Selesai,-
80,2024-07-27,3516,1,Ringan,Medium,Area 29,Pagi,1,Selesai,-
81,2023-11-18,4165,2,Berat,Medium,Area 30,Malam,1,Proses,-
82,2024-06-27,2658,3,Berat,High,Area 31,Pagi,2,Proses,-
83,2024-04-29,1094,0,Sedang,Low,Area 32,Siang,1,Proses,-
84,2024-08-02,2444,3,Ringan,Medium,Area 33,Pagi,2,Proses,-
85,2024-01-16,1853,4,Ringan,High,Area 34,Malam,2,Proses,-
86,2023-11-29,3869,2,Ringan,High,Area 35,Malam,2,Selesai,-
87,2023-03-30,2113,0,Ringan,Low,Area 36,Pagi,1,Selesai,-
88,2023-02-28,2147,1,Berat,Low,Area 37,Pagi,2,Proses,-
89,2024-12-22,3337,4,Ringan,Medium,Area 38,Malam,0,Selesai,-
90,2023-02-02,3278,3,Sedang,Low,Area 39,Siang,0,Proses,-
91,2024-11-20,1425,0,Ringan,Low,Area 40,Siang,2,Selesai,-
92,2023-10-27,1829,1,Ringan,Medium,Area 41,Pagi,1,Selesai,-
93,2024-01-28,4582,1,Berat,Medium,Area 42,Siang,0,Proses,-
94,2023-05-09,2511,4,Berat,Low,Area 43,Malam,1,Proses,-
95,2023-04-27,3544,3,Berat,Low,Area 44,Pagi,1,Proses,-
96,2024-06-11,3125,4,Ringan,High,Area 45,Siang,2,Proses,-
97,2023-07-06,3315,4,Berat,High,Area 46,Pagi,2,Selesai,-
98,2024-03-17,2341,0,Sedang,Low,Area 47,Pagi,0,Proses,-
99,2023-07-26,2716,3,Ringan,High,Area 48,Pagi,2,Selesai,-
100,2023-02-22,4854,2,Berat,High,Area 49,Pagi,1,Selesai,-
101,2024-05-29,2626,1,Sedang,Low,Area 0,Pagi,0,Selesai,-
102,2024-08-10,4724,0,Ringan,High,Area 1,Siang,2,Selesai,-
103,2024-09-09,3085,0,Sedang,High,Area 2,Siang,1,Proses,-
104,2024-03-14,4561,2,Berat,Low,Area 3,Siang,2,Selesai,-
105,2023-06-23,1746,4,Sedang,Medium,Area 4,Siang,0,Proses,-
106,2023-05-31,2214,4,Ringan,Medium,Area 5,Pagi,2,Selesai,-
107,2024-12-13,3451,4,Sedang,High,Area 6,Pagi,1,Proses,-
108,2024-02-15,1363,2,Berat,High,Area 7,Malam,1,Proses,-
109,2023-04-14,4578,4,Sedang,Low,Area 8,Malam,1,Selesai,-
110,2023-03-20,4074,0,Sedang,Low,Area 9,Pagi,2,Proses,-
111,2024-04-02,2541,1,Berat,High,Area 10,Siang,2,Proses,-
112,2023-11-23,2903,4,Berat,Low,Area 11,Siang,2,Proses,-
113,2024-05-25,1553,3,Ringan,Medium,Area 12,Malam,2,Proses,-
114,2024-09-09,4999,1,Berat,Medium,Area 13,Malam,2,Proses,-
115,2023-05-29,3765,4,Ringan,Low,Area 14,Pagi,0,Selesai,-
116,2024-12-18,4165,1,Sedang,Low,Area 15,Siang,2,Selesai,-
117,2024-12-15,2671,3,Sedang,High,Area 16,Malam,2,Selesai,-
118,2024-08-02,2055,1,Ringan,Medium,Area 17,Siang,0,Proses,-
119,2024-04-23,2338,1,Ringan,High,Area 18,Siang,0,Proses,-
120,2023-04-16,3180,1,Sedang,Medium,Area 19,Siang,1,Selesai,-
121,2023-03-28,3307,4,Berat,Medium,Area 20,Pagi,0,Selesai,-
122,2023-04-13,2641,4,Sedang,Low,Area 21,Malam,0,Selesai,-
123,2024-10-28,3690,4,Berat,High,Area 22,Pagi,1,Selesai,-
124,2023-12-05,2605,4,Sedang,Medium,Area 23,Pagi,2,Selesai,-
125,2024-09-21,2667,0,Ringan,High,Area 24,Pagi,0,Proses,-
126,2024-12-20,4387,4,Ringan,High,Area 25,Malam,2,Proses,-
127,2023-01-19,1905,0,Sedang,Medium,Area 26,Malam,0,Proses,-
128,2024-10-20,2410,1,Sedang,Medium,Area 27,Malam,1,Selesai,-
129,2024-09-16,2160,2,Ringan,Low,Area 28,Malam,1,Selesai,-
130,2023-11-30,4418,4,Berat,Medium,Area 29,Siang,1,Proses,-
131,2023-01-15,4127,1,Sedang,Low,Area 30,Pagi,1,Selesai,-
132,2024-06-22,4180,0,Sedang,High,Area 31,Siang,0,Proses,-
133,2024-09-27,4568,3,Ringan,Medium,Area 32,Siang,0,Proses,-
134,2023-01-31,3944,1,Berat,Low,Area 33,Siang,0,Proses,-
135,2023-05-19,3133,4,Sedang,High,Area 34,Pagi,0,Selesai,-
136,2024-08-17,2921,2,Sedang,Medium,Area 35,Siang,2,Proses,-
137,2023-10-08,4146,0,Ringan,Medium,Area 36,Siang,0,Proses,-
138,2023-06-07,1789,1,Ringan,High,Area 37,Pagi,0,Proses,-
139,2024-11-05,4499,1,Berat,High,Area 38,Pagi,0,Proses,-
140,2024-03-04,2399,4,Berat,Medium,Area 39,Siang,0,Proses,-
141,2023-03-16,4252,2,Sedang,Low,Area 40,Pagi,2,Proses,-
142,2024-12-27,2988,1,Ringan,Medium,Area 41,Siang,1,Proses,-
143,2023-10-14,2189,3,Berat,High,Area 42,Malam,0,Proses,-
144,2023-12-30,2293,2,Sedang,High,Area 43,Pagi,0,Selesai,-
145,2024-01-01,4153,4,Berat,High,Area 44,Pagi,0,Proses,-
146,2023-02-01,1408,3,Berat,Medium,Area 45,Malam,2,Selesai,-
147,2024-06-28,3138,3,Sedang,Medium,Area 46,Pagi,2,Selesai,-
148,2023-10-29,1484,0,Sedang,Medium,Area 47,Pagi,1,Proses,-
149,2023-08-24,4922,3,Sedang,Medium,Area 48,Malam,1,Proses,-
150,2024-03-27,2794,4,Ringan,High,Area 49,Malam,2,Selesai,-
151,2023-09-01,4331,3,Berat,High,Area 0,Siang,2,Proses,-
152,2023-07-08,4507,1,Ringan,High,Area 1,Malam,1,Proses,-
153,2023-12-29,3269,4,Ringan,Low,Area 2,Siang,2,Selesai,-
154,2023-08-01,4300,0,Ringan,Low,Area 3,Pagi,1,Selesai,-
155,2023-08-24,1316,3,Sedang,Medium,Area 4,Malam,0,Proses,-
156,2024-04-04,2284,0,Sedang,High,Area 5,Malam,0,Proses,-
157,2024-08-06,1117,1,Ringan,Medium,Area 6,Siang,0,Proses,-
158,2024-05-11,3618,4,Berat,Low,Area 7,Malam,1,Proses,-
159,2024-06-22,3419,3,Sedang,Low,Area 8,Pagi,2,Selesai,-
160,2023-04-24,2652,0,Berat,Low,Area 9,Malam,2,Proses,-
161,2024-06-05,3253,0,Ringan,High,Area 10,Siang,0,Proses,-
162,2023-09-21,2100,1,Berat,Medium,Area 11,Pagi,0,Proses,-
163,2024-09-15,1376,1,Berat,Low,Area 12,Pagi,2,Selesai,-
164,2024-09-20,3779,0,Sedang,High,Area 13,Pagi,0,Selesai,-
165,2023-12-04,3735,2,Berat,High,Area 14,Malam,1,Selesai,-
166,2023-05-16,3761,0,Berat,High,Area 15,Pagi,1,Proses,-
167,2023-05-19,3153,0,Berat,Medium,Area 16,Pagi,1,Proses,-
168,2024-09-09,2882,1,Sedang,Medium,Area 17,Pagi,0,Proses,-
169,2023-02-07,3122,3,Ringan,High,Area 18,Siang,2,Selesai,-
170,2023-05-29,2829,0,Ringan,High,Area 19,Malam,1,Proses,-
171,2024-12-27,1192,4,Ringan,Low,Area 20,Pagi,1,Selesai,-
172,2024-07-02,1047,1,Sedang,High,Area 21,Malam,1,Proses,-
173,2024-12-28,2205,3,Berat,Medium,Area 22,Pagi,2,Proses,-
174,2023-02-02,3519,3,Sedang,Low,Area 23,Siang,0,Selesai,-
175,2024-12-06,1821,2,Ringan,Low,Area 24,Pagi,0,Selesai,-
176,2023-12-19,4003,0,Berat,Low,Area 25,Siang,2,Proses,-
177,2023-03-05,2786,1,Ringan,Low,Area 26,Malam,2,Proses,-
178,2023-03-09,2544,4,Berat,Low,Area 27,Malam,0,Selesai,-
179,2023-05-22,1746,1,Berat,High,Area 28,Malam,1,Proses,-
180,2023-04-21,4434,1,Ringan,Low,Area 29,Pagi,1,Proses,-
181,2024-10-23,4672,2,Berat,High,Area 30,Malam,2,Selesai,-
182,2023-06-18,4351,4,Berat,Medium,Area 31,Siang,1,Selesai,-
183,2023-02-22,3766,3,Sedang,High,Area 32,Siang,1,Selesai,-
184,2024-08-19,4713,2,Sedang,Low,Area 33,Siang,2,Proses,-
185,2023-10-04,1810,1,Berat,Low,Area 34,Siang,1,Proses,-
186,2024-10-04,3088,3,Sedang,Low,Area 35,Pagi,1,Selesai,-
187,2023-01-29,2541,4,Berat,High,Area 36,Malam,0,Proses,-
188,2023-02-26,2350,1,Berat,Medium,Area 37,Malam,0,Proses,-
189,2024-07-01,2289,3,Ringan,Low,Area 38,Siang,1,Selesai,-
190,2024-09-16,4360,1,Sedang,Medium,Area 39,Siang,2,Selesai,-
191,2023-12-18,4773,3,Sedang,High,Area 40,Siang,2,Selesai,-
192,2024-10-08,2631,0,Ringan,Medium,Area 41,Siang,2,Proses,-
193,2024-03-02,2811,4,Ringan,High,Area 42,Malam,0,Proses,-
194,2023-03-05,2825,4,Ringan,High,Area 43,Siang,1,Proses,-
195,2024-04-12,3386,1,Berat,Medium,Area 44,Malam,2,Proses,-
196,2024-12-12,2944,4,Ringan,High,Area 45,Siang,1,Selesai,-
197,2024-01-08,3286,2,Ringan,High,Area 46,Malam,0,Selesai,-
198,2024-12-11,2179,2,Sedang,Low,Area 47,Pagi,0,Proses,-
199,2023-10-19,4275,2,Ringan,Medium,Area 48,Siang,0,Selesai,-
200,2024-11-07,2036,0,Berat,Medium,Area 49,Pagi,0,Proses,-
201,2024-11-06,4714,1,Sedang,Low,Area 0,Siang,2,Proses,-
202,2023-03-14,1184,3,Berat,High,Area 1,Malam,0,Selesai,-
203,2023-05-16,4697,0,Sedang,High,Area 2,Malam,2,Selesai,-
204,2023-08-23,1821,2,Ringan,High,Area 3,Pagi,0,Proses,-
205,2023-07-16,4069,2,Ringan,Low,Area 4,Malam,1,Proses,-
206,2024-01-13,2716,4,Sedang,Medium,Area 5,Pagi,1,Selesai,-
207,2024-11-24,1070,1,Ringan,Medium,Area 6,Pagi,1,Selesai,-
208,2024-04-25,4455,1,Berat,High,Area 7,Siang,0,Selesai,-
209,2024-03-07,1008,1,Berat,Low,Area 8,Siang,1,Proses,-
210,2024-02-06,2214,1,Ringan,Low,Area 9,Malam,0,Selesai,-
211,2024-07-04,2864,2,Sedang,Medium,Area 10,Siang,1,Selesai,-
212,2024-04-07,1793,4,Berat,Low,Area 11,Pagi,2,Proses,-
213,2023-06-26,3084,2,Sedang,Medium,Area 12,Malam,2,Proses,-
214,2023-01-05,2925,3,Sedang,High,Area 13,Pagi,1,Proses,-
215,2024-02-02,2465,4,Sedang,Low,Area 14,Malam,1,Proses,-
216,2023-11-03,1768,0,Ringan,Medium,Area 15,Pagi,2,Selesai,-
217,2023-04-27,4644,3,Sedang,Low,Area 16,Malam,0,Selesai,-
218,2024-12-31,2382,0,Ringan,High,Area 17,Malam,2,Proses,-
219,2024-02-22,2765,4,Ringan,High,Area 18,Siang,2,Proses,-
220,2023-05-07,3290,4,Sedang,Medium,Area 19,Pagi,1,Proses,-
221,2024-08-22,2136,3,Ringan,Medium,Area 20,Pagi,1,Proses,-
222,2024-12-11,3448,1,Ringan,Medium,Area 21,Malam,2,Proses,-
223,2024-12-03,1749,0,Ringan,High,Area 22,Pagi,1,Selesai,-
224,2023-02-10,4062,2,Sedang,High,Area 23,Siang,2,Selesai,-
225,2024-06-08,4628,2,Berat,Low,Area 24,Malam,2,Proses,-
226,2024-04-26,1206,3,Ringan,High,Area 25,Siang,2,Proses,-
227,2023-01-18,1117,3,Berat,Low,Area 26,Malam,0,Selesai,-
228,2024-06-11,4266,2,Berat,Low,Area 27,Siang,1,Selesai,-
229,2023-09-13,1950,4,Ringan,Low,Area 28,Malam,1,Selesai,-
230,2024-02-03,2385,4,Ringan,High,Area 29,Pagi,0,Proses,-
231,2024-12-29,4114,1,Ringan,High,Area 30,Siang,0,Selesai,-
232,2024-01-01,4078,3,Berat,High,Area 31,Pagi,2,Selesai,-
233,2023-05-10,4755,4,Berat,Low,Area 32,Pagi,1,Proses,-
234,2023-10-19,3849,2,Sedang,Low,Area 33,Pagi,2,Selesai,-
235,2024-05-27,1894,1,Ringan,Low,Area 34,Malam,0,Selesai,-
236,2024-12-13,3958,3,Berat,High,Area 35,Malam,1,Proses,-
237,2024-07-09,2741,4,Sedang,High,Area 36,Malam,1,Selesai,-
238,2024-12-17,4460,3,Ringan,High,Area 37,Siang,2,Proses,-
239,2023-11-14,3295,3,Sedang,Medium,Area 38,Siang,0,Proses,-
240,2023-05-02,3387,1,Ringan,High,Area 39,Siang,1,Selesai,-
241,2024-08-02,2277,4,Berat,Low,Area 40,Siang,0,Proses,-
242,2023-12-20,3257,3,Ringan,Medium,Area 41,Malam,0,Proses,-
243,2023-02-14,1063,0,Berat,Medium,Area 42,Siang,2,Selesai,-
244,2024-12-06,4087,1,Berat,High,Area 43,Siang,0,Proses,-
245,2024-12-05,2406,3,Ringan,Low,Area 44,Malam,0,Proses,-
246,2023-12-05,1946,0,Berat,High,Area 45,Siang,1,Selesai,-
247,2023-09-04,1512,0,Ringan,High,Area 46,Pagi,0,Proses,-
248,2024-10-31,2759,2,Berat,Low,Area 47,Pagi,0,Selesai,-
249,2023-06-09,2232,2,Berat,High,Area 48,Pagi,0,Proses,-
250,2024-02-03,3024,0,Ringan,Medium,Area 49,Malam,0,Proses,-
251,2024-07-21,1306,4,Berat,Medium,Area 0,Siang,1,Selesai,-
252,2024-06-03,1786,1,Ringan,High,Area 1,Pagi,2,Proses,-
253,2023-03-18,3775,1,Berat,Low,Area 2,Malam,1,Selesai,-
254,2023-04-23,3663,1,Sedang,Low,Area 3,Pagi,2,Selesai,-
255,2024-01-10,4365,0,Berat,Medium,Area 4,Siang,0,Selesai,-
256,2024-11-08,2432,3,Ringan,High,Area 5,Siang,2,Proses,-
257,2024-04-07,2800,4,Ringan,Low,Area 6,Pagi,1,Proses,-
258,2023-01-18,3048,0,Sedang,High,Area 7,Pagi,2,Selesai,-
259,2024-10-17,1820,2,Berat,Medium,Area 8,Pagi,0,Proses,-
260,2024-04-19,3538,0,Berat,Medium,Area 9,Pagi,2,Selesai,-
261,2023-01-02,1098,4,Ringan,Low,Area 10,Malam,0,Selesai,-
262,2023-10-22,2342,3,Berat,Medium,Area 11,Siang,2,Selesai,-
263,2023-02-05,4646,1,Ringan,Medium,Area 12,Pagi,0,Selesai,-
264,2024-03-11,2885,1,Berat,Medium,Area 13,Malam,1,Proses,-
265,2023-11-17,3978,3,Berat,Medium,Area 14,Malam,2,Selesai,-
266,2024-11-11,2564,3,Sedang,High,Area 15,Pagi,0,Selesai,-
267,2024-04-04,3285,0,Sedang,Low,Area 16,Siang,1,Proses,-
268,2023-05-08,2274,1,Sedang,Medium,Area 17,Pagi,1,Selesai,-
269,2023-09-20,1710,4,Sedang,High,Area 18,Pagi,2,Proses,-
270,2023-04-17,1445,3,Sedang,Low,Area 19,Siang,0,Selesai,-
271,2023-01-13,3275,4,Ringan,High,Area 20,Pagi,1,Selesai,-
272,2024-06-07,4871,1,Sedang,High,Area 21,Malam,1,Selesai,-
273,2024-12-16,4768,1,Ringan,Medium,Area 22,Malam,0,Proses,-
274,2024-10-31,1387,2,Sedang,Low,Area 23,Siang,1,Selesai,-
275,2023-10-08,1215,2,Sedang,Medium,Area 24,Malam,0,Selesai,-
276,2024-12-17,2263,0,Berat,High,Area 25,Siang,1,Proses,-
277,2023-10-14,2829,3,Berat,Low,Area 26,Pagi,0,Proses,-
278,2023-10-25,1758,1,Ringan,Low,Area 27,Siang,1,Proses,-
279,2024-07-17,1976,3,Ringan,High,Area 28,Malam,0,Proses,-
280,2023-10-17,4635,0,Sedang,Low,Area 29,Siang,0,Selesai,-
281,2024-11-14,3633,1,Berat,High,Area 30,Pagi,2,Proses,-
282,2024-10-09,3946,2,Berat,High,Area 31,Siang,2,Selesai,-
283,2024-09-23,2756,4,Ringan,Medium,Area 32,Pagi,0,Selesai,-
284,2023-10-04,2068,3,Sedang,Low,Area 33,Malam,1,Proses,-
285,2024-04-09,1444,1,Berat,Low,Area 34,Siang,2,Proses,-
286,2024-02-03,3009,3,Sedang,High,Area 35,Malam,1,Selesai,-
287,2024-03-15,2399,1,Ringan,High,Area 36,Malam,1,Proses,-
288,2023-12-17,2813,3,Berat,High,Area 37,Malam,2,Selesai,-
289,2023-08-19,2982,0,Berat,Medium,Area 38,Malam,1,Proses,-
290,2024-02-14,4643,2,Ringan,Medium,Area 39,Siang,1,Proses,-
291,2023-07-30,2936,4,Sedang,Low,Area 40,Pagi,0,Proses,-
292,2024-03-28,4262,2,Ringan,Low,Area 41,Pagi,2,Proses,-
293,2024-11-12,1389,2,Sedang,Medium,Area 42,Malam,0,Proses,-
294,2024-01-07,4136,2,Ringan,Low,Area 43,Pagi,2,Selesai,-
295,2024-04-14,1015,2,Berat,Medium,Area 44,Malam,2,Selesai,-
296,2024-02-10,1796,3,Sedang,Medium,Area 45,Pagi,1,Selesai,-
297,2024-08-22,3845,3,Berat,Medium,Area 46,Siang,1,Proses,-
298,2023-01-05,4273,3,Ringan,Medium,Area 47,Siang,2,Selesai,-
299,2023-12-14,2523,1,Sedang,Medium,Area 48,Siang,0,Proses,-
300,2023-02-06,1963,2,Ringan,Low,Area 49,Pagi,1,Proses,-
301,2023-05-22,1584,3,Sedang,Low,Area 0,Malam,1,Selesai,-
302,2023-02-10,4469,0,Sedang,High,Area 1,Siang,1,Proses,-
303,2024-04-15,1489,0,Ringan,Medium,Area 2,Pagi,2,Proses,-
304,2024-09-23,2368,0,Sedang,High,Area 3,Siang,0,Proses,-
305,2023-10-07,1556,3,Sedang,Low,Area 4,Siang,0,Proses,-
306,2023-06-08,3366,1,Sedang,High,Area 5,Pagi,1,Proses,-
307,2024-08-24,4687,2,Sedang,High,Area 6,Siang,2,Selesai,-
308,2023-11-13,4174,3,Berat,Medium,Area 7,Malam,0,Selesai,-
309,2024-05-14,1849,3,Sedang,Medium,Area 8,Malam,1,Selesai,-
310,2024-03-09,4209,2,Sedang,High,Area 9,Malam,1,Selesai,-
311,2024-12-30,1630,0,Ringan,Medium,Area 10,Siang,0,Proses,-
312,2023-12-23,4286,2,Berat,Low,Area 11,Malam,2,Proses,-
313,2023-09-16,1729,0,Ringan,Low,Area 12,Pagi,1,Proses,-
314,2024-07-20,2307,1,Ringan,High,Area 13,Pagi,1,Proses,-
315,2024-04-09,4067,3,Sedang,Medium,Area 14,Pagi,2,Proses,-
316,2024-09-29,2043,1,Ringan,Low,Area 15,Pagi,0,Selesai,-
317,2024-04-13,3687,0,Sedang,Low,Area 16,Pagi,2,Selesai,-
318,2023-08-11,2719,3,Ringan,Low,Area 17,Siang,2,Proses,-
319,2023-05-19,2102,4,Berat,High,Area 18,Pagi,1,Proses,-
320,2024-01-12,1768,2,Sedang,High,Area 19,Malam,2,Selesai,-
321,2024-09-28,1089,1,Berat,Medium,Area 20,Malam,1,Proses,-
322,2023-10-18,3873,1,Sedang,Low,Area 21,Pagi,1,Selesai,-
323,2023-04-20,2552,0,Berat,Medium,Area 22,Malam,1,Selesai,-
324,2024-06-25,4940,2,Ringan,Medium,Area 23,Pagi,0,Selesai,-
325,2023-03-13,1360,4,Berat,High,Area 24,Malam,2,Proses,-
326,2023-11-30,4739,0,Berat,Medium,Area 25,Pagi,2,Proses,-
327,2023-11-20,2023,2,Berat,Medium,Area 26,Pagi,2,Proses,-
328,2023-09-27,3297,4,Ringan,Medium,Area 27,Siang,0,Proses,-
329,2024-07-21,4122,4,Ringan,High,Area 28,Pagi,0,Selesai,-
330,2024-06-22,4919,4,Berat,Medium,Area 29,Siang,1,Selesai,-
331,2023-04-01,1397,1,Sedang,Medium,Area 30,Siang,0,Selesai,-
332,2023-03-08,4281,2,Berat,High,Area 31,Malam,1,Selesai,-
333,2024-12-28,2314,3,Sedang,Low,Area 32,Malam,0,Proses,-
334,2023-12-27,3192,4,Berat,Low,Area 33,Malam,1,Selesai,-
335,2023-10-08,3737,4,Ringan,High,Area 34,Siang,0,Proses,-
336,2023-01-13,1432,1,Ringan,High,Area 35,Pagi,0,Selesai,-
337,2023-09-08,2431,2,Berat,High,Area 36,Siang,1,Proses,-
338,2023-05-18,4518,3,Berat,High,Area 37,Pagi,2,Proses,-
339,2024-02-20,2938,4,Sedang,High,Area 38,Malam,0,Proses,-
340,2023-04-01,3850,1,Berat,Low,Area 39,Malam,2,Selesai,-
341,2024-05-30,2313,1,Ringan,Medium,Area 40,Siang,2,Proses,-
342,2023-07-24,3352,0,Ringan,Low,Area 41,Malam,0,Selesai,-
343,2024-12-16,1605,0,Ringan,Medium,Area 42,Pagi,1,Proses,-
344,2024-06-20,1223,4,Ringan,Medium,Area 43,Siang,0,Selesai,-
345,2023-07-17,4077,4,Sedang,High,Area 44,Malam,2,Selesai,-
346,2024-11-05,1861,4,Berat,Medium,Area 45,Malam,2,Selesai,-
347,2024-04-07,1820,0,Ringan,Low,Area 46,Siang,0,Selesai,-
348,2023-11-13,4320,2,Sedang,Medium,Area 47,Siang,0,Selesai,-
349,2023-08-19,4290,1,Berat,Low,Area 48,Siang,0,Proses,-
350,2023-08-23,3180,0,Berat,High,Area 49,Malam,2,Proses,-
351,2023-05-20,1110,4,Berat,High,Area 0,Siang,2,Selesai,-
352,2023-05-15,2230,0,Sedang,High,Area 1,Siang,0,Selesai,-
353,2023-06-13,2645,3,Sedang,High,Area 2,Pagi,2,Selesai,-
354,2024-02-02,2962,3,Ringan,Medium,Area 3,Siang,0,Proses,-
355,2024-03-25,4284,4,Sedang,Low,Area 4,Siang,1,Proses,-
356,2023-07-11,3382,2,Berat,High,Area 5,Pagi,2,Selesai,-
357,2024-09-22,4828,0,Berat,Medium,Area 6,Siang,0,Selesai,-
358,2024-04-17,1653,0,Ringan,High,Area 7,Malam,2,Selesai,-
359,2023-05-28,1299,1,Sedang,Low,Area 8,Siang,2,Selesai,-
360,2024-07-26,4936,2,Sedang,Low,Area 9,Siang,0,Proses,-
361,2023-10-27,3640,2,Ringan,High,Area 10,Siang,1,Proses,-
362,2024-03-29,2906,2,Ringan,High,Area 11,Siang,1,Selesai,-
363,2024-01-21,2884,3,Sedang,High,Area 12,Malam,2,Selesai,-
364,2024-01-20,2541,2,Ringan,Medium,Area 13,Malam,2,Selesai,-
365,2023-10-06,1270,1,Berat,High,Area 14,Malam,0,Proses,-
366,2024-10-11,4700,1,Ringan,Low,Area 15,Siang,2,Selesai,-
367,2023-07-13,4039,0,Berat,Low,Area 16,Siang,0,Proses,-
368,2023-08-20,3835,1,Berat,Low,Area 17,Siang,2,Proses,-
369,2023-01-22,3329,4,Ringan,High,Area 18,Malam,2,Selesai,-
370,2023-08-09,1811,0,Sedang,Medium,Area 19,Siang,2,Selesai,-
371,2023-06-16,1599,4,Sedang,High,Area 20,Malam,2,Proses,-
372,2023-07-12,1366,1,Berat,Medium,Area 21,Siang,1,Proses,-
373,2023-05-17,4572,3,Ringan,High,Area 22,Pagi,2,Proses,-
374,2023-09-18,1705,1,Sedang,Low,Area 23,Siang,0,Proses,-
375,2024-11-22,1228,1,Ringan,High,Area 24,Pagi,2,Proses,-
376,2023-06-04,2580,0,Sedang,Medium,Area 25,Siang,2,Selesai,-
377,2024-01-26,1797,2,Berat,High,Area 26,Malam,0,Proses,-
378,2024-08-25,4859,1,Sedang,Medium,Area 27,Malam,1,Proses,-
379,2023-02-01,3170,4,Sedang,Medium,Area 28,Pagi,0,Selesai,-
380,2024-02-26,4973,0,Sedang,Medium,Area 29,Malam,1,Proses,-
381,2024-06-08,4362,0,Sedang,Medium,Area 30,Siang,1,Selesai,-
382,2023-06-16,2094,2,Ringan,Low,Area 31,Siang,1,Proses,-
383,2024-09-17,1060,4,Sedang,Medium,Area 32,Pagi,0,Proses,-
384,2023-07-31,1517,1,Berat,High,Area 33,Pagi,2,Proses,-
385,2024-09-06,1015,2,Sedang,Medium,Area 34,Malam,1,Selesai,-
386,2024-11-01,3466,3,Berat,Low,Area 35,Siang,0,Selesai,-
387,2024-04-09,4467,2,Berat,Medium,Area 36,Siang,1,Proses,-
388,2023-05-30,1724,3,Sedang,High,Area 37,Siang,2,Proses,-
389,2023-09-29,4083,3,Berat,High,Area 38,Siang,2,Proses,-
390,2024-01-01,4927,4,Berat,High,Area 39,Siang,2,Proses,-
391,2024-11-15,4357,2,Berat,Low,Area 40,Malam,0,Selesai,-
392,2024-10-15,4165,0,Sedang,Medium,Area 41,Malam,0,Selesai,-
393,2024-08-06,4825,2,Ringan,Medium,Area 42,Malam,2,Proses,-
394,2023-03-11,3076,1,Berat,Low,Area 43,Pagi,0,Selesai,-
395,2024-02-01,2287,2,Ringan,High,Area 44,Siang,0,Proses,-
396,2024-02-20,3787,3,Sedang,Medium,Area 45,Malam,1,Proses,-
397,2024-09-18,1877,4,Ringan,Medium,Area 46,Pagi,1,Proses,-
398,2023-06-08,4785,1,Ringan,Medium,Area 47,Malam,2,Proses,-
399,2023-11-14,3353,2,Sedang,Low,Area 48,Pagi,2,Proses,-
400,2024-12-14,1828,1,Sedang,High,Area 49,Siang,1,Selesai,-
401,2024-03-27,2256,2,Sedang,High,Area 0,Pagi,2,Selesai,-
402,2023-06-01,3005,4,Ringan,Low,Area 1,Pagi,1,Proses,-
403,2024-08-01,1830,1,Sedang,High,Area 2,Malam,2,Proses,-
404,2024-09-07,3471,3,Sedang,Medium,Area 3,Pagi,1,Proses,-
405,2023-08-21,1077,4,Ringan,Medium,Area 4,Pagi,0,Proses,-
406,2024-04-05,4633,3,Berat,Medium,Area 5,Pagi,1,Selesai,-
407,2024-03-10,4280,1,Berat,Low,Area 6,Malam,1,Selesai,-
408,2023-07-22,1247,2,Berat,Medium,Area 7,Siang,2,Selesai,-
409,2024-07-18,3134,0,Sedang,Low,Area 8,Pagi,2,Selesai,-
410,2023-11-01,1658,4,Berat,High,Area 9,Pagi,0,Proses,-
411,2023-06-25,4889,3,Sedang,High,Area 10,Pagi,2,Proses,-
412,2023-09-03,2269,1,Ringan,Low,Area 11,Siang,1,Selesai,-
413,2023-08-20,4906,0,Berat,Low,Area 12,Pagi,0,Proses,-
414,2024-02-26,3858,0,Berat,Low,Area 13,Malam,2,Proses,-
415,2024-09-22,3595,4,Ringan,High,Area 14,Pagi,2,Proses,-
416,2023-12-20,3437,1,Berat,Medium,Area 15,Pagi,1,Selesai,-
417,2023-06-08,4112,4,Ringan,Low,Area 16,Siang,0,Proses,-
418,2023-03-31,3681,3,Sedang,High,Area 17,Siang,2,Proses,-
419,2024-05-11,4354,1,Ringan,Medium,Area 18,Siang,1,Selesai,-
420,2024-10-22,2751,3,Sedang,Low,Area 19,Pagi,2,Proses,-
421,2024-05-28,3011,3,Ringan,Low,Area 20,Siang,1,Proses,-
422,2024-10-04,4952,3,Ringan,High,Area 21,Siang,0,Proses,-
423,2023-10-22,4561,3,Sedang,High,Area 22,Siang,2,Selesai,-
424,2024-09-27,4859,2,Berat,Low,Area 23,Siang,0,Selesai,-
425,2023-12-02,3846,4,Sedang,Medium,Area 24,Siang,2,Proses,-
426,2023-07-03,3047,2,Ringan,Low,Area 25,Siang,1,Proses,-
427,2023-02-15,1384,2,Berat,Medium,Area 26,Siang,2,Proses,-
428,2023-03-29,3043,1,Sedang,Medium,Area 27,Pagi,2,Proses,-
429,2024-05-03,4320,3,Berat,High,Area 28,Siang,2,Selesai,-
430,2024-11-11,3310,2,Berat,High,Area 29,Siang,2,Selesai,-
431,2023-05-25,1083,4,Sedang,Low,Area 30,Malam,0,Proses,-
432,2023-09-29,3450,2,Berat,Low,Area 31,Siang,0,Proses,-
433,2023-11-14,3115,1,Berat,Low,Area 32,Siang,2,Proses,-
434,2024-05-15,4786,4,Berat,Low,Area 33,Siang,2,Selesai,-
435,2023-11-30,4964,3,Sedang,Low,Area 34,Pagi,2,Proses,-
436,2024-04-22,4816,2,Ringan,High,Area 35,Pagi,0,Selesai,-
437,2024-05-27,4343,3,Ringan,Low,Area 36,Siang,0,Proses,-
438,2024-07-26,2122,0,Sedang,High,Area 37,Malam,0,Selesai,-
439,2023-07-09,3244,4,Berat,High,Area 38,Siang,2,Proses,-
440,2023-10-17,4017,1,Berat,High,Area 39,Pagi,2,Selesai,-
441,2023-07-24,4041,0,Berat,Low,Area 40,Pagi,1,Proses,-
442,2024-09-17,4490,3,Ringan,Low,Area 41,Malam,2,Proses,-
443,2024-04-17,3256,1,Ringan,High,Area 42,Siang,0,Selesai,-
444,2024-08-24,4496,2,Ringan,Medium,Area 43,Malam,0,Proses,-
445,2023-10-23,1322,1,Berat,High,Area 44,Pagi,1,Proses,-
446,2023-04-04,4330,3,Sedang,Low,Area 45,Pagi,2,Selesai,-
447,2024-08-12,1502,1,Sedang,Low,Area 46,Siang,2,Proses,-
448,2023-05-17,3590,1,Berat,Low,Area 47,Malam,0,Selesai,-
449,2023-09-13,2741,4,Ringan,Medium,Area 48,Malam,1,Proses,-
450,2024-11-30,2949,2,Berat,High,Area 49,Malam,0,Selesai,-
451,2023-11-18,4884,1,Berat,Low,Area 0,Siang,2,Proses,-
452,2024-10-24,2536,1,Berat,Medium,Area 1,Siang,1,Proses,-
453,2024-12-07,4160,4,Berat,High,Area 2,Siang,2,Selesai,-
454,2023-06-14,3110,1,Berat,Medium,Area 3,Pagi,2,Proses,-
455,2024-08-29,3052,2,Berat,Low,Area 4,Pagi,0,Selesai,-
456,2024-06-11,2611,4,Ringan,High,Area 5,Pagi,2,Proses,-
457,2024-12-11,2117,1,Sedang,Medium,Area 6,Pagi,1,Proses,-
458,2024-02-08,2492,2,Sedang,Low,Area 7,Malam,0,Selesai,-
459,2024-06-09,1130,3,Ringan,Low,Area 8,Siang,1,Selesai,-
460,2023-05-19,2551,0,Berat,Medium,Area 9,Malam,0,Selesai,-
461,2023-07-01,4380,2,Ringan,Low,Area 10,Pagi,2,Selesai,-
462,2024-11-16,3093,1,Sedang,High,Area 11,Siang,0,Proses,-
463,2023-09-10,2507,3,Sedang,High,Area 12,Malam,1,Selesai,-
464,2024-09-22,2097,3,Sedang,Medium,Area 13,Pagi,1,Proses,-
465,2023-06-19,4595,2,Ringan,High,Area 14,Pagi,0,Proses,-
466,2023-05-09,2113,0,Sedang,Low,Area 15,Malam,2,Selesai,-
467,2023-12-09,1713,1,Ringan,High,Area 16,Malam,0,Proses,-
468,2024-12-10,4425,3,Berat,High,Area 17,Siang,2,Proses,-
469,2023-12-24,1982,3,Berat,High,Area 18,Siang,1,Proses,-
470,2023-04-19,3948,1,Ringan,Low,Area 19,Malam,0,Proses,-
471,2024-07-10,2255,0,Sedang,Low,Area 20,Malam,0,Selesai,-
472,2023-12-19,2450,3,Sedang,Low,Area 21,Malam,0,Proses,-
473,2023-09-12,4198,0,Sedang,Low,Area 22,Malam,1,Proses,-
474,2023-07-17,2075,1,Sedang,Low,Area 23,Siang,1,Proses,-
475,2024-12-28,1912,2,Ringan,High,Area 24,Malam,0,Proses,-
476,2023-06-20,1348,2,Berat,High,Area 25,Malam,1,Selesai,-
477,2023-07-22,2968,4,Berat,Medium,Area 26,Siang,0,Selesai,-
478,2024-05-17,2485,3,Berat,High,Area 27,Malam,1,Proses,-
479,2024-08-18,4817,0,Ringan,Medium,Area 28,Siang,1,Proses,-
480,2023-04-26,3622,0,Sedang,Medium,Area 29,Malam,2,Proses,-
481,2024-01-07,3716,0,Sedang,Medium,Area 30,Malam,1,Proses,-
482,2023-09-05,4480,0,Sedang,Medium,Area 31,Malam,0,Proses,-
483,2023-10-31,4878,2,Ringan,Low,Area 32,Malam,1,Selesai,-
484,2024-07-14,4514,2,Ringan,High,Area 33,Siang,2,Selesai,-
485,2023-02-14,2048,0,Sedang,Low,Area 34,Siang,1,Selesai,-
486,2024-03-17,3787,2,Sedang,High,Area 35,Pagi,2,Proses,-
487,2024-10-09,2180,4,Berat,Medium,Area 36,Siang,1,Proses,-
488,2024-09-29,4628,1,Ringan,Low,Area 37,Siang,0,Selesai,-
489,2024-06-23,3742,3,Berat,High,Area 38,Malam,2,Proses,-
490,2023-05-25,3755,4,Berat,Low,Area 39,Malam,1,Proses,-
491,2023-11-18,4477,2,Ringan,Medium,Area 40,Malam,2,Proses,-
492,2024-07-26,2810,0,Sedang,Medium,Area 41,Siang,1,Proses,-
493,2023-09-30,3459,4,Sedang,High,Area 42,Malam,2,Selesai,-
494,2024-10-19,3227,3,Sedang,High,Area 43,Pagi,0,Selesai,-
495,2023-11-02,3945,0,Berat,Medium,Area 44,Siang,2,Proses,-
496,2023-07-30,4893,2,Berat,Low,Area 45,Siang,0,Selesai,-
497,2024-12-15,1673,0,Berat,Low,Area 46,Malam,2,Selesai,-
498,2023-10-22,3595,2,Berat,High,Area 47,Pagi,1,Proses,-
499,2023-10-15,1081,2,Berat,High,Area 48,Malam,0,Proses,-
500,2023-10-25,4134,1,Berat,High,Area 49,Siang,1,Proses,-
